Method,Enzyme_Activity_tot,Enzyme_Activity_avg,Enzyme_Activity_avg_norm,S_estimate,R_squared,Method_Group,Day,Group,Name,Id
Electric homogenizer,0.119100091,0.03970003,0.036045276,0.289440231,0.999328216,0,Mon,5,1cda05fa,2100012263
Glass homogenizer,0.110761616,0.036920539,0.033521662,0.262387861,0.999793017,0,Mon,5,1cda05fa,2100012263
Bead mill homogenizer,0.111655616,0.037218539,0.033792229,0.25386093,0.999799211,0,Mon,5,1cda05fa,2100012263
pH6.0,0.085814605,0.028604868,0.025971526,0.191975651,0.999939744,1,Mon,5,1cda05fa,2100012263
pH6.5,0.119100091,0.03970003,0.036045276,0.289440231,0.999328216,1,Mon,5,1cda05fa,2100012263
pH7.0,0.167120115,0.055706705,0.050578389,0.339834107,0.999770133,1,Mon,5,1cda05fa,2100012263
pH7.5,0.192324701,0.064108234,0.058206479,0.459243778,0.999474863,1,Mon,5,1cda05fa,2100012263
Electric homogenizer,0.104693249,0.03489775,0.037660598,0.269270785,0.999834426,0,Tue,4,cbe2b7e4,2000011047
Glass homogenizer,0.101255892,0.033751964,0.036424101,0.202592211,0.999938141,0,Tue,4,cbe2b7e4,2000011047
Bead mill homogenizer,0.08844139,0.029480463,0.031814426,0.19231427,0.999930779,0,Tue,4,cbe2b7e4,2000011047
pH6.0,0.049108999,0.016369666,0.01766565,0.141103991,0.99981105,1,Tue,4,cbe2b7e4,2000011047
pH6.5,0.104693249,0.03489775,0.037660598,0.269270785,0.999834426,1,Tue,4,cbe2b7e4,2000011047
pH7.0,0.111921954,0.037307318,0.040260932,0.213347872,0.999679505,1,Tue,4,cbe2b7e4,2000011047
pH7.5,0.128253017,0.042751006,0.046135595,0.28783045,0.998976945,1,Tue,4,cbe2b7e4,2000011047
Electric homogenizer,0.12844597,0.042815323,0.046205005,0.220532819,0.999876004,0,Tue,4,1bd2c03b,2100012164
Glass homogenizer,0.118871655,0.039623885,0.042760901,0.219006087,0.99987094,0,Tue,4,1bd2c03b,2100012164
Bead mill homogenizer,0.092032173,0.030677391,0.033106115,0.15221606,0.999517579,0,Tue,4,1bd2c03b,2100012164
pH6.0,0.079963241,0.026654414,0.028764639,0.169491738,0.999962792,1,Tue,4,1bd2c03b,2100012164
pH6.5,0.118871655,0.039623885,0.042760901,0.219006087,0.99987094,1,Tue,4,1bd2c03b,2100012164
pH7.0,0.151341539,0.05044718,0.054441074,0.318270879,0.999882289,1,Tue,4,1bd2c03b,2100012164
pH7.5,0.136186613,0.045395538,0.048989494,0.290909103,0.999582551,1,Tue,4,1bd2c03b,2100012164
pH6.0,0.079840417,0.026613472,0.028720456,0.169393919,0.999973377,1,Tue,4,20451b8d,2100012253
Electric homogenizer,0.126257095,0.042085698,0.040869358,0.186764589,0.999227836,0,Tue,3,905549bc,2100012147
Glass homogenizer,0.127411267,0.042470422,0.041242963,0.220147487,0.999729447,0,Tue,3,905549bc,2100012147
Bead mill homogenizer,0.112594543,0.037531514,0.036446797,0.204918737,0.999835615,0,Tue,3,905549bc,2100012147
pH6.0,0.073766562,0.024588854,0.023878199,0.155608534,0.999913135,1,Tue,3,905549bc,2100012147
pH6.5,0.127411267,0.042470422,0.041242963,0.220147487,0.999729447,1,Tue,3,905549bc,2100012147
pH7.0,0.159872482,0.053290827,0.051750642,0.293869263,0.999845768,1,Tue,3,905549bc,2100012147
pH7.5,0.149440101,0.049813367,0.048373686,0.28893232,0.999856004,1,Tue,3,905549bc,2100012147
Electric homogenizer,0.118571864,0.039523955,0.040844484,0.202140754,0.999672762,0,Fri,6,c0236331,2000012264
Glass homogenizer,0.11779698,0.03926566,0.04057756,0.204150387,0.999729911,0,Fri,6,c0236331,2000012264
Bead mill homogenizer,0.096932013,0.032310671,0.033390198,0.181375429,0.999694031,0,Fri,6,c0236331,2000012264
pH6.0,0.081871722,0.027290574,0.028202376,0.144526251,0.999609929,1,Fri,6,c0236331,2000012264
pH6.5,0.11779698,0.03926566,0.04057756,0.204150387,0.999729911,1,Fri,6,c0236331,2000012264
pH7.0,0.132506543,0.044168848,0.045644567,0.232460499,0.999883111,1,Fri,6,c0236331,2000012264
pH7.5,0.137852765,0.045950922,0.047486182,0.243486103,0.99997011,1,Fri,6,c0236331,2000012264
Electric homogenizer,0.087461252,0.029153751,0.030876202,0.228082729,0.99992883,0,Fri,1,2a1d00fe,2100013209
Glass homogenizer,0.096729765,0.032243255,0.034148239,0.233087792,0.999836696,0,Fri,1,2a1d00fe,2100013209
Bead mill homogenizer,0.06468339,0.02156113,0.022834997,0.271914012,0.999741036,0,Fri,1,2a1d00fe,2100013209
pH6.0,0.061578667,0.020526222,0.021738945,0.116147954,0.999126533,1,Fri,1,2a1d00fe,2100013209
pH6.5,0.096729765,0.032243255,0.034148239,0.233087792,0.999836696,1,Fri,1,2a1d00fe,2100013209
pH7.0,0.141960677,0.047320226,0.050115982,0.26197312,0.999885236,1,Fri,1,2a1d00fe,2100013209
pH7.5,0.124489619,0.04149654,0.043948223,0.306436031,0.999890317,1,Fri,1,2a1d00fe,2100013209
Electric homogenizer,0.140106532,0.046702177,0.048132705,0.235761153,0.999866899,0,Tue,6,aa115da0,2100012106
Glass homogenizer,0.114592996,0.038197665,0.039367693,0.21361762,0.999905236,0,Tue,6,aa115da0,2100012106
Bead mill homogenizer,0.100947206,0.033649069,0.034679768,0.183308501,0.999944925,0,Tue,6,aa115da0,2100012106
pH6.0,0.074586293,0.024862098,0.025623645,0.162381877,0.999875251,1,Tue,6,aa115da0,2100012106
pH6.5,0.100947206,0.033649069,0.034679768,0.183308501,0.999944925,1,Tue,6,aa115da0,2100012106
pH7.0,0.124557593,0.041519198,0.042790967,0.25066816,0.999916373,1,Tue,6,aa115da0,2100012106
pH7.5,0.138526626,0.046175542,0.047589939,0.254735906,0.99994116,1,Tue,6,aa115da0,2100012106
Electric homogenizer,0.091455814,0.030485271,0.039459463,0.201143218,0.999969557,0,Tue,5,e38e0f14,2100012179
Glass homogenizer,0.090324584,0.030108195,0.038971383,0.210606929,0.999385363,0,Tue,5,e38e0f14,2100012179
Bead mill homogenizer,0.083699821,0.02789994,0.036113068,0.240206812,0.999707843,0,Tue,5,e38e0f14,2100012179
pH6.0,0.058502046,0.019500682,0.025241253,0.147513102,0.999985168,1,Tue,5,e38e0f14,2100012179
pH6.5,0.091455814,0.030485271,0.039459463,0.201143218,0.999969557,1,Tue,5,e38e0f14,2100012179
pH7.0,0.104888652,0.034962884,0.045255187,0.27976783,0.999847099,1,Tue,5,e38e0f14,2100012179
pH7.5,0.116282118,0.038760706,0.050171004,0.323156877,0.999899485,1,Tue,5,e38e0f14,2100012179
Electric homogenizer,0.09116448,0.03038816,0.028604026,0.208088128,0.999961321,0,Mon,1,4e739370,2100011780
Glass homogenizer,0.10203529,0.034011763,0.032014883,0.198635399,0.999959388,0,Mon,1,4e739370,2100011780
Bead mill homogenizer,0.117525706,0.039175235,0.0368752,0.248748111,0.99973296,0,Mon,1,4e739370,2100011780
pH6.0,0.108748861,0.03624962,0.034121352,0.196044646,0.999857424,1,Mon,1,4e739370,2100011780
pH6.5,0.117525706,0.039175235,0.0368752,0.248748111,0.99973296,1,Mon,1,4e739370,2100011780
pH7.0,0.152033308,0.050677769,0.047702403,0.282206294,0.999753375,1,Mon,1,4e739370,2100011780
pH7.5,0.150060025,0.050020008,0.04708326,0.272013729,0.99987595,1,Mon,1,4e739370,2100011780
Electric homogenizer,0.102216732,0.034072244,0.035210627,0.230291339,0.999793038,0,Fri,6,992e43bf,2000012624
Glass homogenizer,0.100330324,0.033443441,0.034560815,0.195685507,0.99987498,0,Fri,6,992e43bf,2000012624
Bead mill homogenizer,0.086509037,0.028836346,0.029799793,0.199854473,0.999707224,0,Fri,6,992e43bf,2000012624
pH6.0,0.078993207,0.026331069,0.027210813,0.175198192,0.999878421,1,Fri,6,992e43bf,2000012624
pH6.5,0.102216732,0.034072244,0.035210627,0.230291339,0.999793038,1,Fri,6,992e43bf,2000012624
pH7.0,0.13965178,0.046550593,0.048105889,0.280577126,0.999892043,1,Fri,6,992e43bf,2000012624
pH7.5,0.140973264,0.046991088,0.048561101,0.29043014,0.999961086,1,Fri,6,992e43bf,2000012624
Electric homogenizer,0.129533477,0.043177826,0.045728842,0.241671434,0.999742452,0,Fri,1,91ad66fb,2100012288
Glass homogenizer,0.145166623,0.048388874,0.051247768,0.295233121,0.99970033,0,Fri,1,91ad66fb,2100012288
Bead mill homogenizer,0.112832589,0.037610863,0.039832974,0.253754739,0.999890528,0,Fri,1,91ad66fb,2100012288
pH6.0,0.070672388,0.023557463,0.024949276,0.157666979,0.99995123,1,Fri,1,91ad66fb,2100012288
pH6.5,0.112832589,0.037610863,0.039832974,0.253754739,0.999890528,1,Fri,1,91ad66fb,2100012288
pH7.0,0.12817256,0.042724187,0.045248401,0.261903916,0.999734313,1,Fri,1,91ad66fb,2100012288
pH7.5,0.154635536,0.051545179,0.054590551,0.317680262,0.999882601,1,Fri,1,91ad66fb,2100012288
Electric homogenizer,0.126868326,0.042289442,0.039688617,0.236759126,0.998770493,0,Fri,5,4644c7a6,2100012271
Glass homogenizer,0.092719369,0.030906456,0.029005691,0.17730472,0.99969261,0,Fri,5,4644c7a6,2100012271
Bead mill homogenizer,0.105605511,0.035201837,0.033036903,0.171793133,0.999338475,0,Fri,5,4644c7a6,2100012271
pH6.0,0.072368952,0.024122984,0.022639406,0.11413811,0.999334725,1,Fri,5,4644c7a6,2100012271
pH6.5,0.105605511,0.035201837,0.033036903,0.171793133,0.999338475,1,Fri,5,4644c7a6,2100012271
pH7.0,0.127707998,0.042569333,0.039951294,0.203416077,0.999322415,1,Fri,5,4644c7a6,2100012271
pH7.5,0.131560755,0.043853585,0.041156564,0.225975576,0.999485966,1,Fri,5,4644c7a6,2100012271
Electric homogenizer,0.121280196,0.040426732,0.037355615,0.262752491,0.999934585,0,Mon,4,4887e3a3,1900011619
Glass homogenizer,0.152839994,0.050946665,0.047076375,0.354164546,0.999743624,0,Mon,4,4887e3a3,1900011619
Bead mill homogenizer,0.142692781,0.04756426,0.043950923,0.261103576,0.999899145,0,Mon,4,4887e3a3,1900011619
pH6.0,0.086113534,0.028704511,0.026523902,0.192119307,0.999909068,1,Mon,4,4887e3a3,1900011619
pH6.5,0.121280196,0.040426732,0.037355615,0.262752491,0.999934585,1,Mon,4,4887e3a3,1900011619
pH7.0,0.127344093,0.042448031,0.039223361,0.283631771,0.999932363,1,Mon,4,4887e3a3,1900011619
pH7.5,0.145096154,0.048365385,0.044691188,0.307695179,0.999582359,1,Mon,4,4887e3a3,1900011619
Electric homogenizer,0.129080612,0.043026871,0.041064636,0.216458977,0.999890918,0,Fri,4,b08eac60,2100012280
Glass homogenizer,0.119984797,0.039994932,0.038170969,0.209113649,0.999722726,0,Fri,4,b08eac60,2100012280
Bead mill homogenizer,0.113852337,0.037950779,0.036220039,0.20894838,0.999836895,0,Fri,4,b08eac60,2100012280
pH6.0,0.090981116,0.030327039,0.028943978,0.166224949,0.999432143,1,Fri,4,b08eac60,2100012280
pH6.5,0.113852337,0.037950779,0.036220039,0.20894838,0.999836895,1,Fri,4,b08eac60,2100012280
pH7.0,0.1489157,0.049638567,0.047374806,0.269279163,0.999552518,1,Fri,4,b08eac60,2100012280
pH7.5,0.134680262,0.044893421,0.042846062,0.259977447,0.999743099,1,Fri,4,b08eac60,2100012280
Electric homogenizer,0.105180279,0.035060093,0.040712507,0.22444119,0.999951368,0,Mon,2,1eb16d05,1900094616
Glass homogenizer,0.095699776,0.031899925,0.037042855,0.213609835,0.999979767,0,Mon,2,1eb16d05,1900094616
Bead mill homogenizer,0.089874,0.029958,0.034787851,0.221426791,0.999952755,0,Mon,2,1eb16d05,1900094616
pH6.0,0.067077271,0.02235909,0.025963839,0.170516111,0.999909333,1,Mon,2,1eb16d05,1900094616
pH6.5,0.095699776,0.031899925,0.037042855,0.213609835,0.999979767,1,Mon,2,1eb16d05,1900094616
pH7.0,0.119420593,0.039806864,0.046224556,0.2795014,0.999850129,1,Mon,2,1eb16d05,1900094616
pH7.5,0.118319702,0.039439901,0.04579843,0.283234684,0.999850109,1,Mon,2,1eb16d05,1900094616
Electric homogenizer,0.093086198,0.031028733,0.032658424,0.229802984,0.999927454,0,Tue,1,d82d0d42,2100012173
Glass homogenizer,0.109390101,0.036463367,0.038378496,0.240393337,0.999789839,0,Tue,1,d82d0d42,2100012173
Bead mill homogenizer,0.134543937,0.044847979,0.047203485,0.246194628,0.999911351,0,Tue,1,d82d0d42,2100012173
pH6.0,0.066602135,0.022200712,0.023366738,0.165170683,0.999972758,1,Tue,1,d82d0d42,2100012173
pH6.5,0.109390101,0.036463367,0.038378496,0.240393337,0.999789839,1,Tue,1,d82d0d42,2100012173
pH7.0,0.114957128,0.038319043,0.040331636,0.248634546,0.999941378,1,Tue,1,d82d0d42,2100012173
pH7.5,0.101600405,0.033866802,0.035645554,0.233975048,0.999873668,1,Tue,1,d82d0d42,2100012173
Electric homogenizer,0.116550714,0.038850238,0.036569284,0.21122513,0.999727062,0,Mon,1,adfdea84,2100012156
Glass homogenizer,0.103617268,0.034539089,0.032511249,0.394243088,0.998983755,0,Mon,1,adfdea84,2100012156
Bead mill homogenizer,0.111614393,0.037204798,0.035020449,0.281103926,0.999741044,0,Mon,1,adfdea84,2100012156
pH6.0,0.085939568,0.028646523,0.026964643,0.182119213,0.999633828,1,Mon,1,adfdea84,2100012156
pH6.5,0.111614393,0.037204798,0.035020449,0.281103926,0.999741044,1,Mon,1,adfdea84,2100012156
pH7.0,0.12380283,0.04126761,0.038844728,0.330841555,0.999854408,1,Mon,1,adfdea84,2100012156
pH7.5,0.136604088,0.045534696,0.042861287,0.347573541,0.999932781,1,Mon,1,adfdea84,2100012156
Electric homogenizer,0.112466473,0.037488824,0.036405341,0.190743463,0.999464778,0,Tue,3,082b842c,2100012120
Glass homogenizer,0.111096709,0.037032236,0.035961949,0.206713092,0.999881122,0,Tue,3,082b842c,2100012120
Bead mill homogenizer,0.115419416,0.038473139,0.037361207,0.203458616,0.999532844,0,Tue,3,082b842c,2100012120
pH6.0,0.073015331,0.024338444,0.023635026,0.175064444,0.999803173,1,Tue,3,082b842c,2100012120
pH6.5,0.121608269,0.04053609,0.039364536,0.228019141,0.999783119,1,Tue,3,082b842c,2100012120
pH7.0,0.111096709,0.037032236,0.035961949,0.206713092,0.999881122,1,Tue,3,082b842c,2100012120
pH7.5,0.135230611,0.04507687,0.043774081,0.275988984,0.999593884,1,Tue,3,082b842c,2100012120
Electric homogenizer,0.156210352,0.052070117,0.041723568,0.303157492,0.999879646,0,Mon,3,6bae4267,2100012284
Glass homogenizer,0.13623132,0.04541044,0.036387196,0.321085554,0.999601496,0,Mon,3,6bae4267,2100012284
Bead mill homogenizer,0.148422595,0.049474198,0.039643469,0.330646032,0.999750736,0,Mon,3,6bae4267,2100012284
pH6.0,0.117765796,0.039255265,0.031455081,0.161977739,0.999813411,1,Mon,3,6bae4267,2100012284
pH6.5,0.13623132,0.04541044,0.036387196,0.321085554,0.999601496,1,Mon,3,6bae4267,2100012284
pH7.0,0.160016384,0.053338795,0.042740154,0.301339234,0.999935358,1,Mon,3,6bae4267,2100012284
pH7.5,0.195793276,0.065264425,0.052296112,0.409183182,0.999678983,1,Mon,3,6bae4267,2100012284
Electric homogenizer,0.071428354,0.023809451,0.030818429,0.226027594,0.999937744,0,Tue,5,635d94be,2100012287
Glass homogenizer,0.09072474,0.03024158,0.039144034,0.208747173,0.999936419,0,Tue,5,635d94be,2100012287
Bead mill homogenizer,0.084795996,0.028265332,0.036586023,0.171473854,0.999819013,0,Tue,5,635d94be,2100012287
pH6.0,0.060781617,0.020260539,0.026224795,0.143163275,0.999752064,1,Tue,5,635d94be,2100012287
pH6.5,0.09072474,0.03024158,0.039144034,0.208747173,0.999936419,1,Tue,5,635d94be,2100012287
pH7.0,0.104895815,0.034965272,0.045258277,0.248205652,0.999923463,1,Tue,5,635d94be,2100012287
pH7.5,0.0981236,0.032707867,0.042336342,0.239597487,0.999921881,1,Tue,5,635d94be,2100012287
Electric homogenizer,0.109543882,0.036514627,0.037734612,0.206228447,0.999915936,0,Fri,6,3d0668c5,2100012168
Glass homogenizer,0.108035267,0.036011756,0.037214939,0.179288218,0.999546885,0,Fri,6,3d0668c5,2100012168
Bead mill homogenizer,0.088902967,0.029634322,0.030624431,0.193491151,0.999955856,0,Fri,6,3d0668c5,2100012168
pH6.0,0.077623401,0.025874467,0.026738955,0.171578891,0.999600069,1,Fri,6,3d0668c5,2100012168
pH6.5,0.109543882,0.036514627,0.037734612,0.206228447,0.999915936,1,Fri,6,3d0668c5,2100012168
pH7.0,0.140849116,0.046949705,0.048518335,0.265362155,0.99975459,1,Fri,6,3d0668c5,2100012168
pH7.5,0.145934355,0.048644785,0.050270049,0.274417808,0.99965215,1,Fri,6,3d0668c5,2100012168
Electric homogenizer,0.128709903,0.042903301,0.038953656,0.216356184,0.999767868,0,Mon,5,ddb4b5c5,2100017749
Glass homogenizer,0.123075967,0.041025322,0.037248563,0.210186076,0.99956878,0,Mon,5,ddb4b5c5,2100017749
Bead mill homogenizer,0.110262047,0.036754016,0.033370469,0.192740997,0.999726667,0,Mon,5,ddb4b5c5,2100017749
pH6.0,0.084036009,0.028012003,0.025433239,0.157660668,0.999595475,1,Mon,5,ddb4b5c5,2100017749
pH6.5,0.110262047,0.036754016,0.033370469,0.192740997,0.999726667,1,Mon,5,ddb4b5c5,2100017749
pH7.0,0.139163215,0.046387738,0.042117319,0.24663216,0.999700339,1,Mon,5,ddb4b5c5,2100017749
pH7.5,0.131003989,0.043667996,0.039647954,0.242115575,0.999759468,1,Mon,5,ddb4b5c5,2100017749
Electric homogenizer,0.100707254,0.033569085,0.035263301,0.271621587,0.999446258,0,Fri,2,6546b72b,2100012278
Glass homogenizer,0.129961149,0.043320383,0.045506743,0.29430041,0.999301468,0,Fri,2,6546b72b,2100012278
Bead mill homogenizer,0.12715621,0.042385403,0.044524576,0.25286041,0.999824894,0,Fri,2,6546b72b,2100012278
pH6.0,0.070253487,0.023417829,0.024599716,0.15693352,0.999931666,1,Fri,2,6546b72b,2100012278
pH6.5,0.100707254,0.033569085,0.035263301,0.271621587,0.999446258,1,Fri,2,6546b72b,2100012278
pH7.0,0.144743513,0.048247838,0.050682884,0.292806674,0.999879123,1,Fri,2,6546b72b,2100012278
pH7.5,0.128124169,0.042708056,0.044863513,0.248959298,0.999880446,1,Fri,2,6546b72b,2100012278
Glass homogenizer,0.09082601,0.030275337,0.039187729,0.210738723,0.999920653,0,Tue,5,a3a5b9b4,2100012275
Electric homogenizer,0.112920969,0.037640323,0.039617269,0.222862313,0.999912992,0,Tue,1,e2a9b13d,2100012125
Glass homogenizer,0.106892215,0.035630738,0.037502136,0.234344493,0.999934286,0,Tue,1,e2a9b13d,2100012125
Bead mill homogenizer,0.126007484,0.042002495,0.04420855,0.245389362,0.999869778,0,Tue,1,e2a9b13d,2100012125
pH6.0,0.08256317,0.027521057,0.028966518,0.143926079,0.99623298,1,Tue,1,e2a9b13d,2100012125
pH6.5,0.112920969,0.037640323,0.039617269,0.222862313,0.999912992,1,Tue,1,e2a9b13d,2100012125
pH7.0,0.132494168,0.044164723,0.046484343,0.267180976,0.999911201,1,Tue,1,e2a9b13d,2100012125
pH7.5,0.121955279,0.04065176,0.042786872,0.244719843,0.999376646,1,Tue,1,e2a9b13d,2100012125
Electric homogenizer,0.127482006,0.042494002,0.039999117,0.227006095,0.999956979,0,Mon,1,b26f2022,2100012104
Glass homogenizer,0.120441907,0.040147302,0.037790195,0.33347368,0.99959607,0,Mon,1,b26f2022,2100012104
Bead mill homogenizer,0.117947149,0.039315716,0.037007433,0.242163042,0.999897057,0,Mon,1,b26f2022,2100012104
pH6.0,0.09681609,0.03227203,0.030377292,0.170905714,0.999943221,1,Mon,1,b26f2022,2100012104
pH6.5,0.127482006,0.042494002,0.039999117,0.227006095,0.999956979,1,Mon,1,b26f2022,2100012104
pH7.0,0.131835168,0.043945056,0.041364977,0.291420938,0.999777141,1,Mon,1,b26f2022,2100012104
pH7.5,0.120441907,0.040147302,0.037790195,0.33347368,0.99959607,1,Mon,1,b26f2022,2100012104
pH6.5,0.111096709,0.037032236,0.035961949,0.206713092,0.999881122,1,Tue,3,a4d855b0,2100012122
pH7.0,0.121608269,0.04053609,0.039364536,0.228019141,0.999783119,1,Tue,3,a4d855b0,2100012122
Electric homogenizer,0.100487856,0.033495952,0.035186478,0.324558069,0.998501621,0,Fri,2,cbc68fdc,2100012290
Glass homogenizer,0.140051711,0.046683904,0.049040019,0.323855068,0.998243426,0,Fri,2,cbc68fdc,2100012290
Bead mill homogenizer,0.077523449,0.02584115,0.027145341,0.322045877,0.998433723,0,Fri,2,cbc68fdc,2100012290
pH6.0,0.071054817,0.023684939,0.024880307,0.184009182,0.999696559,1,Fri,2,cbc68fdc,2100012290
pH6.5,0.100487856,0.033495952,0.035186478,0.324558069,0.998501621,1,Fri,2,cbc68fdc,2100012290
pH7.0,0.102298883,0.034099628,0.035820621,0.324338807,0.99923329,1,Fri,2,cbc68fdc,2100012290
pH7.5,0.134746908,0.044915636,0.047182508,0.364892026,0.999246743,1,Fri,2,cbc68fdc,2100012290
Electric homogenizer,0.123319771,0.04110659,0.037983826,0.247126326,0.999332596,0,Mon,4,4330aae2,2100012118
pH6.5,0.123319771,0.04110659,0.037983826,0.247126326,0.999332596,1,Mon,4,4330aae2,2100012118
pH7.0,0.127350706,0.042450235,0.039225398,0.283215616,0.999931844,1,Mon,4,4330aae2,2100012118
Electric homogenizer,0.137226984,0.045742328,0.036653137,0.376045948,0.998994768,0,Mon,3,a9daf023,2100012134
Glass homogenizer,0.129663231,0.043221077,0.034632869,0.54135316,0.996737939,0,Mon,3,a9daf023,2100012134
Bead mill homogenizer,0.137701057,0.045900352,0.036779761,0.309416423,0.999412347,0,Mon,3,a9daf023,2100012134
pH6.0,0.093845472,0.031281824,0.025065995,0.261766116,0.99934138,1,Mon,3,a9daf023,2100012134
pH6.5,0.129663231,0.043221077,0.034632869,0.54135316,0.996737939,1,Mon,3,a9daf023,2100012134
pH7.0,0.168060992,0.056020331,0.044888857,0.379085493,0.999724299,1,Mon,3,a9daf023,2100012134
pH7.5,0.156719357,0.052239786,0.041859522,0.541622685,0.999569032,1,Mon,3,a9daf023,2100012134
Glass homogenizer,0.096674914,0.032224971,0.034128875,0.237463714,0.999923562,0,Fri,1,bb792251,2100012266
Electric homogenizer,0.129080612,0.043026871,0.04382238,0.216458977,0.999890918,0,Fri,3,ef0cb942,2100012136
Glass homogenizer,0.119984797,0.039994932,0.040734386,0.209113649,0.999722726,0,Fri,3,ef0cb942,2100012136
Bead mill homogenizer,0.113852337,0.037950779,0.038652439,0.20894838,0.999836895,0,Fri,3,ef0cb942,2100012136
pH6.0,0.090981116,0.030327039,0.030887745,0.166224949,0.999432143,1,Fri,3,ef0cb942,2100012136
pH6.5,0.113852337,0.037950779,0.038652439,0.20894838,0.999836895,1,Fri,3,ef0cb942,2100012136
pH7.0,0.1489157,0.049638567,0.050556318,0.269279163,0.999552518,1,Fri,3,ef0cb942,2100012136
pH7.5,0.134680262,0.044893421,0.04572344,0.259977447,0.999743099,1,Fri,3,ef0cb942,2100012136
Electric homogenizer,0.09116448,0.03038816,0.028079648,0.208088128,0.999961321,0,Mon,4,775b563c,1800091104
Glass homogenizer,0.10203529,0.034011763,0.031427975,0.198635399,0.999959388,0,Mon,4,775b563c,1800091104
Bead mill homogenizer,0.117525706,0.039175235,0.036199191,0.248748111,0.99973296,0,Mon,4,775b563c,1800091104
pH6.0,0.108748861,0.03624962,0.033495828,0.196044646,0.999857424,1,Mon,4,775b563c,1800091104
pH6.5,0.117525706,0.039175235,0.036199191,0.248748111,0.99973296,1,Mon,4,775b563c,1800091104
pH7.0,0.152033308,0.050677769,0.046827907,0.282206294,0.999753375,1,Mon,4,775b563c,1800091104
pH7.5,0.150060025,0.050020008,0.046220114,0.272013729,0.99987595,1,Mon,4,775b563c,1800091104
Electric homogenizer,0.100598406,0.033532802,0.03455994,0.176675223,0.999699025,0,Tue,6,85d81665,2100012177
Glass homogenizer,0.100359855,0.033453285,0.034477988,0.190808872,0.999784212,0,Tue,6,85d81665,2100012177
Bead mill homogenizer,0.116405529,0.038801843,0.039990377,0.19074302,0.999557013,0,Tue,6,85d81665,2100012177
pH6.0,0.069627397,0.023209132,0.023920048,0.131457493,0.999650744,1,Tue,6,85d81665,2100012177
pH6.5,0.116405529,0.038801843,0.039990377,0.19074302,0.999557013,1,Tue,6,85d81665,2100012177
pH7.0,0.132681831,0.044227277,0.045581997,0.230102684,0.999668424,1,Tue,6,85d81665,2100012177
pH7.5,0.127379964,0.042459988,0.043760574,0.215544467,0.999756224,1,Tue,6,85d81665,2100012177
Electric homogenizer,0.123402846,0.041134282,0.0386045,0.19947048,0.999705569,0,Fri,5,4412c2aa,2100012264
Glass homogenizer,0.120585134,0.040195045,0.037723026,0.197100495,0.999530231,0,Fri,5,4412c2aa,2100012264
Bead mill homogenizer,0.099943914,0.033314638,0.031265768,0.182779651,0.999781263,0,Fri,5,4412c2aa,2100012264
pH6.0,0.082588159,0.027529386,0.025836313,0.135857721,0.999191014,1,Fri,5,4412c2aa,2100012264
pH6.5,0.123402846,0.041134282,0.0386045,0.19947048,0.999705569,1,Fri,5,4412c2aa,2100012264
pH7.0,0.132862564,0.044287521,0.041563813,0.231395577,0.999926654,1,Fri,5,4412c2aa,2100012264
pH7.5,0.142672359,0.047557453,0.044632642,0.25543019,0.999717356,1,Fri,5,4412c2aa,2100012264
Electric homogenizer,0.100604831,0.033534944,0.032005587,0.283632891,0.999242618,0,Fri,4,292dcb07,2100012261
Glass homogenizer,0.129961149,0.043320383,0.041344763,0.29430041,0.999301468,0,Fri,4,292dcb07,2100012261
Bead mill homogenizer,0.12715621,0.042385403,0.040452422,0.25286041,0.999824894,0,Fri,4,292dcb07,2100012261
pH6.0,0.070253487,0.023417829,0.022349862,0.15693352,0.999931666,1,Fri,4,292dcb07,2100012261
pH6.5,0.129961149,0.043320383,0.041344763,0.29430041,0.999301468,1,Fri,4,292dcb07,2100012261
pH7.0,0.144743513,0.048247838,0.046047501,0.292806674,0.999879123,1,Fri,4,292dcb07,2100012261
pH7.5,0.128124169,0.042708056,0.040760361,0.248959298,0.999880446,1,Fri,4,292dcb07,2100012261
Electric homogenizer,0.108035267,0.036011756,0.037214939,0.179288218,0.999546885,0,Fri,6,1cb374db,2100012178
Glass homogenizer,0.109543882,0.036514627,0.037734612,0.206228447,0.999915936,0,Fri,6,1cb374db,2100012178
Electric homogenizer,0.139264916,0.046421639,0.043566681,0.240988689,0.999868014,0,Fri,5,99efdcb3,2100012103
Glass homogenizer,0.118338784,0.039446261,0.037020293,0.225763593,0.999842242,0,Fri,5,99efdcb3,2100012103
Bead mill homogenizer,0.132019093,0.044006364,0.041299947,0.216861548,0.999626453,0,Fri,5,99efdcb3,2100012103
pH6.0,0.106279824,0.035426608,0.033247851,0.16317787,0.998806003,1,Fri,5,99efdcb3,2100012103
pH6.5,0.139264916,0.046421639,0.043566681,0.240988689,0.999868014,1,Fri,5,99efdcb3,2100012103
pH7.0,0.180872947,0.060290982,0.056583051,0.336787219,0.999857301,1,Fri,5,99efdcb3,2100012103
pH7.5,0.162029626,0.054009875,0.050688236,0.295538263,0.999899905,1,Fri,5,99efdcb3,2100012103
Electric homogenizer,0.11589122,0.038630407,0.036362359,0.254749981,0.999809106,0,Mon,1,f29fcb61,2000012618
Glass homogenizer,0.145326645,0.048442215,0.045598101,0.26549638,0.999895619,0,Mon,1,f29fcb61,2000012618
Bead mill homogenizer,0.191772249,0.063924083,0.060171007,0.36296366,0.999463211,0,Mon,1,f29fcb61,2000012618
pH6.0,0.078493719,0.026164573,0.024628413,0.181922705,0.999833315,1,Mon,1,f29fcb61,2000012618
pH6.5,0.11589122,0.038630407,0.036362359,0.254749981,0.999809106,1,Mon,1,f29fcb61,2000012618
pH7.0,0.166945219,0.055648406,0.052381207,0.33520747,0.99983776,1,Mon,1,f29fcb61,2000012618
pH7.5,0.125545092,0.041848364,0.039391385,0.281639844,0.999930664,1,Mon,1,f29fcb61,2000012618
Electric homogenizer,0.121419516,0.040473172,0.039046867,0.255325846,0.995712208,0,Mon,6,243a9a35,2100012251
Glass homogenizer,0.129659407,0.043219802,0.041696704,0.339455298,0.99875489,0,Mon,6,243a9a35,2100012251
Bead mill homogenizer,0.138794784,0.046264928,0.044634517,0.307066511,0.999403486,0,Mon,6,243a9a35,2100012251
pH6.0,0.074450057,0.024816686,0.023942127,0.270869612,0.998745568,1,Mon,6,243a9a35,2100012251
pH6.5,0.129659407,0.043219802,0.041696704,0.339455298,0.99875489,1,Mon,6,243a9a35,2100012251
pH7.0,0.131340662,0.043780221,0.042237373,0.293954533,0.999817454,1,Mon,6,243a9a35,2100012251
pH7.5,0.106716582,0.035572194,0.034318603,1,0.991012697,1,Mon,6,243a9a35,2100012251
Electric homogenizer,0.100487856,0.033495952,0.034115248,0.324558069,0.998501621,0,Fri,3,3a376b65,2100012119
Glass homogenizer,0.13791412,0.045971373,0.046821323,0.380186241,0.998149846,0,Fri,3,3a376b65,2100012119
Bead mill homogenizer,0.077523449,0.02584115,0.026318918,0.322045877,0.998433723,0,Fri,3,3a376b65,2100012119
pH6.0,0.071487539,0.02382918,0.02426975,0.172866612,0.999619239,1,Fri,3,3a376b65,2100012119
pH6.5,0.100487856,0.033495952,0.034115248,0.324558069,0.998501621,1,Fri,3,3a376b65,2100012119
pH7.0,0.102298883,0.034099628,0.034730085,0.324338807,0.99923329,1,Fri,3,3a376b65,2100012119
pH7.5,0.134746908,0.044915636,0.045746067,0.364892026,0.999246743,1,Fri,3,3a376b65,2100012119
