,cluster,acc,mean nUMI,declining R^2,AUC,DC-age,DC,Cell Counts
0,0,0.6689669622805651,3196.5840837186665,0.9632662332080761,0.17828676173516228,0.445425322194779,DC1,4109
1,1,0.6685045588401443,2902.4081882814417,0.9741480077880487,0.16793461441441498,0.514228328304402,DC1,4079
2,2,0.5820957997351301,3746.7142356241234,0.9679466759815747,0.18258406350672296,0.370394221694343,DC1,2852
3,3,0.630345064137175,3412.6711128048782,0.9527119433742886,0.18421996040221045,0.32296907226698,DC1,2624
4,4,0.6676763366194347,3689.6851704996034,0.9629899374486741,0.18852932539319842,0.515515738003279,DC5,2522
5,5,0.7003249200252109,4669.46226821906,0.9452432751042773,0.19804669169940586,0.254297084199093,DC1,2319
6,6,0.6534134654246022,2402.16251298027,0.9467858149088316,0.1775189599027983,0.282830461559082,DC4,1926
7,7,0.10574538443598473,3568.008605851979,0.6099141394608283,0.19074187958973313,0.387364412764943,DC4,1743
8,8,0.6766051997804784,2651.688185140073,0.7750724274854669,0.18024297812860685,0.47255982735642,DC1,1642
9,9,0.6128105254712264,3434.347572815534,0.9421373060764898,0.1823288218360087,0.296736050950164,DC1,1545
10,10,0.7448669934980969,1793.6715893108299,0.9149741664113975,0.1418432624813559,0.160079430592872,DC9,1422
11,11,0.5335586991976413,2991.5985714285716,0.8283206891158021,0.18796747550502493,0.524092498885555,DC2,1400
12,12,0.51386852564495,3559.2328178694156,0.9728399295085103,0.1957381486050401,0.420877102522477,DC2,1164
13,13,0.7078688027899551,3312.7383177570096,0.934148333302523,0.18853808064247388,0.304376703513117,DC8,1070
14,14,0.6363926203101122,2148.9925163704397,0.8979147676287007,0.14839035057319117,0.533424617768567,DC4,1069
15,15,0.6300283360350383,3364.5925572519086,0.9335253766026671,0.17630845902161,0.288158834855846,DC4,1048
16,16,0.6482168434351395,3517.1206896551726,0.9237818199255299,0.18080790384832895,0.413696066588173,DC1,986
17,17,0.5393293584102203,2648.744655581948,0.8770799100643223,0.16496831917763927,0.26336264108262,DC3,842
18,18,0.6240525274747016,2630.0794871794874,0.9284071410012057,0.18468281179794763,0.370715750925573,DC1,780
19,19,0.6040168900381107,2585.3574297188757,0.9557128534384021,0.186144826276291,0.441407545229302,DC3,747
20,20,0.6786222416721553,2506.273097826087,0.9579161654782307,0.19162645030619382,0.461638955247991,DC1,736
21,21,0.306304449939661,3095.427012278308,0.8844842387352295,0.1902702367562508,0.155517629902505,DC3,733
22,22,0.6798958153104275,2469.1627906976746,0.9390892642139799,0.1674441197646939,0.359050898723539,DC2,688
23,23,0.24044741568436984,6723.68281938326,0.1705873012990763,0.2100034084048954,0.165551025740533,DC1,681
24,24,0.43731171382233747,2486.132716049383,0.7475303570639875,0.18280197522717662,0.323640229336907,DC1,648
25,25,0.4165069176935698,5175.760683760684,0.947421631114454,0.1936175546323538,0.309794932998483,DC1,585
26,26,0.7534875189050732,2879.5551601423485,0.9539908111189607,0.19917840745113471,0.354452189387251,DC4,562
27,27,0.6677614433973351,6181.537753222836,0.8148637289446319,0.20721419579451963,0.661702608079749,DC7,543
28,28,0.48626324133178844,2717.785714285714,0.9238231381433839,0.1935513280264467,0.279536790922054,DC2,518
29,29,0.5870624785645493,2936.7868217054265,0.8571090786206276,0.16113340330233672,0.102725192860931,DC6,516
30,30,0.5842292891233123,3866.194552529183,0.8324865561529196,0.1874224626631044,0.240205084458694,DC6,514
31,31,0.49636820609065974,2189.887573964497,0.8886399412258926,0.1731597284346332,0.41981487671697,DC1,507
32,32,0.7713407127850472,15349.180914512923,0.08724950417846633,0.17416404004807726,0.7846207147712,DC1,503
33,33,0.5478345713644449,2034.0615711252653,0.9289387936389502,0.1703314321612194,0.363727931294212,DC1,471
34,34,0.3799354944025538,3945.4454148471614,0.7854619801102325,0.18764246688350109,0.20149879695956,DC5,458
35,35,0.5592914279860777,3726.68,0.803130885628196,0.17101076927838935,0.415980584926735,DC2,450
36,36,0.39010791320974036,4115.692482915718,0.8562080273189221,0.18022712793932097,0.361712108613024,DC2,439
37,37,0.4785248579225813,3079.416091954023,0.7878005545886642,0.18591281038444085,0.207991443419333,DC1,435
38,38,0.23398455056870224,3759.4923469387754,0.7329991894112469,0.17872695253362078,0.241018695205283,DC1,392
39,39,0.7507501046867884,4269.691099476439,0.9597792054487994,0.20111508845642637,0.682496496759248,DC3,382
40,40,0.3016824861240997,2405.7733333333335,0.0637565838877645,0.1723777178322633,0.44998575279663,DC3,375
41,41,0.5184778770957708,1969.2222222222222,0.9609033806337628,0.18473841379797495,0.497902264128123,DC3,351
42,42,0.3311715326842733,3715.8962536023055,0.9635950136001723,0.1806430255621555,0.388934961978964,DC3,347
43,43,0.40847926661814843,4599.820359281437,0.7300736463256154,0.1563542560268664,0.395261224812435,DC6,334
44,44,0.4612748572009654,4599.738601823708,0.8478949454622312,0.18247798151541467,0.0518942136928094,DC7,329
45,45,0.6028773674607667,2691.163076923077,0.9045923918847528,0.18603212773173247,0.515855180947269,DC1,325
46,46,0.3647334629478152,9434.61846153846,0.10652216160085959,0.18725593506585236,0.330085511919291,DC4,325
47,47,0.414313600997977,3143.55,0.4647507605014932,0.1744365581995041,0.414771912473327,DC4,320
48,48,0.6031042448618701,3650.5,0.9149666943953552,0.18663266578496046,0.44116906446845,DC1,316
49,49,0.49448278679335705,2082.9222972972975,0.8180843313981696,0.17251223147679232,0.338607275787711,DC1,296
50,50,0.6320044300807266,3245.562937062937,0.7040000540499696,0.167067010258782,0.46209324594939,DC1,286
51,51,0.6634025997553898,2072.225,0.9389662946545312,0.17979199737650672,0.536576744201555,DC1,280
52,52,0.08026328139242116,2208.86690647482,0.8830838571756752,0.1781436335586533,0.453041300103543,DC2,278
53,53,0.5355748492004969,3553.2707581227437,0.4485363472573386,0.18791144955176575,0.44334657802351,DC5,277
54,54,0.240283181219099,3649.9927536231885,0.9515402028153184,0.1879581490770302,0.258186733710094,DC2,276
55,55,0.4017020982447269,3165.981549815498,0.876661792743534,0.18727862410690696,0.127207816634904,DC3,271
56,56,0.5860786675904486,2950.143396226415,0.8202410151555999,0.1649611459015848,0.53082985024932,DC1,265
57,57,0.3594776715363458,2850.942084942085,0.7205725011655115,0.1739506568354099,0.178240280749642,DC16,259
58,58,0.66195481607892,2907.670731707317,0.9381293448820831,0.20027127836440473,0.0531378612568033,DC2,246
59,59,0.3916551190377307,3303.711382113821,0.8913011414228792,0.1841822361140543,0.407484061440182,DC1,246
60,60,0.6228748450992221,2862.071129707113,0.9545338304710411,0.15081418666934848,0.208890252656523,DC1,239
61,61,0.10754452034618796,4318.836206896552,0.7927173628106841,0.20667944264782212,0.328064842008217,DC2,232
62,62,0.5404799918901625,3320.413043478261,0.9198963186980194,0.18937019613383246,0.426687356820274,DC1,230
63,63,0.29858582754538715,2045.480349344978,0.9607938728146183,0.18254047825533612,0.548951139186843,DC2,229
64,64,0.49006139326218534,4628.275555555556,0.8590597963452662,0.18650498771710894,0.125937348585102,DC4,225
65,65,0.6940849139138442,2572.3972602739727,0.9572249907384178,0.19358785672608841,0.635784965644507,DC1,219
66,66,0.390321461309728,3503.4174311926604,0.8990947832149114,0.16300819483068513,0.24405325659126,DC2,218
67,67,0.6002880680059345,2565.412037037037,0.6512556043030922,0.19234644706949144,0.610342716848101,DC1,216
68,68,0.3943148034890703,2978.106976744186,0.6114310228710447,0.1749768724262477,0.375744690025769,DC3,215
69,69,0.44722313719553153,3443.839024390244,0.8700140326729087,0.17928175046221184,0.463654375335917,DC1,205
70,70,0.4258395416921304,3775.305,0.5898981906813361,0.17854715688352052,0.461803971632769,DC4,200
71,71,0.4758139410106943,3132.419689119171,0.8674098325527013,0.1816993350929572,0.420696350013758,DC1,193
72,72,0.3344547497963332,3161.421965317919,0.9363890840707406,0.20429096458492219,0.368202702136472,DC1,173
73,73,0.6799922870162974,5005.264516129032,0.8694119664487885,0.192990260428277,0.43785219676724,DC1,155
74,74,0.5317923699193992,4294.561151079137,0.6697597560800517,0.21408582275204704,0.490311602591188,DC1,139
75,75,0.11207636415946817,3355.9057971014495,0.7454838755023364,0.1852929787899927,0.13646789131022,DC16,138
76,76,0.025255308428363498,2691.641221374046,0.7830738683337298,0.17272315316728923,0.321552012084866,DC2,131
77,77,0.03929972875921717,2087.149606299213,0.9854561314303074,0.18795337327907127,0.583945101037476,DC1,127
78,78,0.5910381776726543,5392.951612903225,0.8812625748135563,0.20611164806286758,0.0814164597139859,DC8,124
79,79,0.33956789044809454,3380.102564102564,0.8026268929708443,0.18186670174130987,0.115135939026409,DC12,117
80,80,0.34321147935876845,5457.555555555556,0.8103737453899388,0.20879355976067773,0.463324396159037,DC1,99
81,81,0.74092318285781,4444.473684210527,0.28909286403378853,0.17649960753127256,0.187430031086702,DC1,95
82,82,0.33571267324740034,2795.9418604651164,0.754869477386851,0.1433425160697888,0.192220985412223,DC1,86
83,83,0.06829200737478536,3424.095238095238,0.10910154893040236,0.19081261685861908,0.372244194116055,DC1,84
84,84,0.12622648201668318,3787.4246575342468,0.6242251517378523,0.18790445244990703,0.453312840591872,DC1,73
85,85,-2.6792040593865734,7267.152542372882,0.7216877246709474,0.19080901782200485,0.13592883119197,DC6,59
86,86,-0.9018475621512863,6144.206896551724,0.3397234537518202,0.1981210203937476,0.333967075109364,DC4,29
87,87,0.5583796907207782,3431.8435204386487,0.0,0.18110533386335087,,,56902
